<out2:ORM xmlns:out2="http://QuestHL7Records"><MSH><MsgType_1>ORM</MsgType_1><MsgType_2>A</MsgType_2><MsgType_3>M</MsgType_3><ControlID>5^U^3101483</ControlID><ReceivingFacility>AT</ReceivingFacility></MSH><ORM_PATIENT><PID><PIDSequence>1</PIDSequence><PatientID1>123</PatientID1><PatientID2>RB999998A</PatientID2><AccessionNumber>RB999998A</AccessionNumber><PatientAccountNum>123</PatientAccountNum></PID></ORM_PATIENT><ORM_ORDER><ORC><OrderControl>X0</OrderControl><PhysicianUPIN>HQTEST</PhysicianUPIN><WhoLoggedItUPIN>HQDB03</WhoLoggedItUPIN></ORC><ORM_ORDER_DETAIL><OBR><SequenceNumber>1</SequenceNumber><AccessionNumber>RB999998A</AccessionNumber><UnitAndOrderCodes_1>899SB=</UnitAndOrderCodes_1><UnitAndOrderCodes_2/><UnitAndOrderCodes_3>99QDI</UnitAndOrderCodes_3><UnitAndOrderCodes_4>5600000899</UnitAndOrderCodes_4><UnitAndOrderCodes_5>899SB=</UnitAndOrderCodes_5></OBR><ZSI><SampleID>01</SampleID><IntraLabManifestIndicator>899SB=</IntraLabManifestIndicator><UnitCodeNumber>5600000899</UnitCodeNumber><LabelDevice>1^1</LabelDevice><LableFormat>SPECLBL</LableFormat><ContainerType>IC</ContainerType><Sendouts/></ZSI></ORM_ORDER_DETAIL><ORM_ORDER_DETAIL><OBR><SequenceNumber>2</SequenceNumber><AccessionNumber>RB999998A</AccessionNumber><UnitAndOrderCodes_1>10108X=</UnitAndOrderCodes_1><UnitAndOrderCodes_2/><UnitAndOrderCodes_3>99QDI</UnitAndOrderCodes_3><UnitAndOrderCodes_4>7700010108</UnitAndOrderCodes_4><UnitAndOrderCodes_5>10108X=</UnitAndOrderCodes_5></OBR><ZSI><SampleID>02</SampleID><IntraLabManifestIndicator>10019X=</IntraLabManifestIndicator><UnitCodeNumber>7500010019</UnitCodeNumber><LabelDevice>1^1</LabelDevice><LableFormat>SPECLBL</LableFormat><ContainerType>PE</ContainerType><Sendouts/></ZSI><ZSI><SampleID>02</SampleID><IntraLabManifestIndicator>30264X=</IntraLabManifestIndicator><UnitCodeNumber>7500030264</UnitCodeNumber><LabelDevice>1^1</LabelDevice><LableFormat>SPECLBL</LableFormat><ContainerType>PE</ContainerType><Sendouts/></ZSI><ZSI><SampleID>02</SampleID><IntraLabManifestIndicator>4475X=</IntraLabManifestIndicator><UnitCodeNumber>7500004475</UnitCodeNumber><LabelDevice>1^1</LabelDevice><LableFormat>SPECLBL</LableFormat><ContainerType>PE</ContainerType><Sendouts/></ZSI></ORM_ORDER_DETAIL><ORM_ORDER_DETAIL><OBR><SequenceNumber>3</SequenceNumber><AccessionNumber>RB999998A</AccessionNumber><UnitAndOrderCodes_1>6399SB=</UnitAndOrderCodes_1><UnitAndOrderCodes_2/><UnitAndOrderCodes_3>99QDI</UnitAndOrderCodes_3><UnitAndOrderCodes_4>3100006399</UnitAndOrderCodes_4><UnitAndOrderCodes_5>6399SB=</UnitAndOrderCodes_5></OBR><ZSI><SampleID>03</SampleID><IntraLabManifestIndicator>6399SB=</IntraLabManifestIndicator><UnitCodeNumber>3100006399</UnitCodeNumber><LabelDevice>1^1</LabelDevice><LableFormat>SPECLBL</LableFormat><ContainerType>B</ContainerType><Sendouts/></ZSI></ORM_ORDER_DETAIL><ORM_ORDER_DETAIL><OBR><SequenceNumber>4</SequenceNumber><AccessionNumber>RB999998A</AccessionNumber><UnitAndOrderCodes_1>7600SB=</UnitAndOrderCodes_1><UnitAndOrderCodes_2/><UnitAndOrderCodes_3>99QDI</UnitAndOrderCodes_3><UnitAndOrderCodes_4>2000007600</UnitAndOrderCodes_4><UnitAndOrderCodes_5>7600SB=</UnitAndOrderCodes_5></OBR><ZSI><SampleID>04</SampleID><IntraLabManifestIndicator>334SB=</IntraLabManifestIndicator><UnitCodeNumber>2600000334</UnitCodeNumber><LabelDevice>1^1</LabelDevice><LableFormat>SPECLBL</LableFormat><ContainerType>OT=CARD</ContainerType><Sendouts/></ZSI><ZSI><SampleID>04</SampleID><IntraLabManifestIndicator>896SB=</IntraLabManifestIndicator><UnitCodeNumber>2600000896</UnitCodeNumber><LabelDevice>1^1</LabelDevice><LableFormat>SPECLBL</LableFormat><ContainerType>S</ContainerType><Sendouts/></ZSI><ZSI><SampleID>04</SampleID><IntraLabManifestIndicator>608SB=</IntraLabManifestIndicator><UnitCodeNumber>5100000608</UnitCodeNumber><LabelDevice>1^1</LabelDevice><LableFormat>SPECLBL</LableFormat><ContainerType>S</ContainerType><Sendouts/></ZSI><ZSI><SampleID>04</SampleID><IntraLabManifestIndicator>%SBNHD</IntraLabManifestIndicator><UnitCodeNumber>2600070083</UnitCodeNumber><LabelDevice>1^1</LabelDevice><LableFormat>SPECLBL</LableFormat><ContainerType>S</ContainerType><Sendouts/></ZSI></ORM_ORDER_DETAIL><ORM_ORDER_DETAIL><OBR><SequenceNumber>5</SequenceNumber><AccessionNumber>RB999998A</AccessionNumber><UnitAndOrderCodes_1>402SB=</UnitAndOrderCodes_1><UnitAndOrderCodes_2/><UnitAndOrderCodes_3>99QDI</UnitAndOrderCodes_3><UnitAndOrderCodes_4>5600000402</UnitAndOrderCodes_4><UnitAndOrderCodes_5>402SB=</UnitAndOrderCodes_5></OBR><ZSI><SampleID>05</SampleID><IntraLabManifestIndicator>402SB=</IntraLabManifestIndicator><UnitCodeNumber>5600000402</UnitCodeNumber><LabelDevice>1^1</LabelDevice><LableFormat>SPECLBL</LableFormat><ContainerType>S</ContainerType><Sendouts/></ZSI></ORM_ORDER_DETAIL></ORM_ORDER></out2:ORM>