<out2:ORM xmlns:out2="http://QuestHL7Records"><MSH><MsgType_1>ORM</MsgType_1><MsgType_2>A</MsgType_2><MsgType_3>M</MsgType_3><ControlID>1^U^3101483</ControlID><ReceivingFacility>AT</ReceivingFacility></MSH><ORM_PATIENT><PID><PIDSequence>1</PIDSequence><PatientID1>123</PatientID1><PatientID2>RB999998A</PatientID2><AccessionNumber>RB999998A</AccessionNumber><PatientAccountNum>123</PatientAccountNum></PID></ORM_PATIENT><ORM_ORDER><ORC><OrderControl>NW</OrderControl><PhysicianUPIN>HQTEST</PhysicianUPIN><WhoLoggedItUPIN>HQDB03</WhoLoggedItUPIN></ORC><ORM_ORDER_DETAIL><OBR><SequenceNumber>1</SequenceNumber><AccessionNumber>RB999998A</AccessionNumber><UnitAndOrderCodes_1>899SB=</UnitAndOrderCodes_1><UnitAndOrderCodes_2/><UnitAndOrderCodes_3>99QDI</UnitAndOrderCodes_3><UnitAndOrderCodes_4>5600000899</UnitAndOrderCodes_4><UnitAndOrderCodes_5>899SB=</UnitAndOrderCodes_5></OBR><ZSI><SampleID>01</SampleID><IntraLabManifestIndicator>899SB=</IntraLabManifestIndicator><UnitCodeNumber>5600000899</UnitCodeNumber><LabelDevice>1^1</LabelDevice><LableFormat>SPECLBL</LableFormat><ContainerType>IC</ContainerType><Sendouts/></ZSI></ORM_ORDER_DETAIL></ORM_ORDER></out2:ORM>