<out2:ORU xmlns:out2="http://QuestHL7Records"><MSH><OriginatingFacility>TAT</OriginatingFacility><MsgType_1>ORU</MsgType_1><MsgType_2>R01</MsgType_2><MsgType_3/><ControlID/><ReceivingFacility>TAT</ReceivingFacility></MSH><ORU_PATIENT_RESULT><ORU_PATIENT><PID><PIDSequence>1</PIDSequence><PatientID1>123</PatientID1><PatientID2>RB999998A</PatientID2><AccessionNumber>RB999998A</AccessionNumber><PatientAccountNum/><AdministrativeSex>F</AdministrativeSex><Birthdate>19610101</Birthdate></PID><NTE><NTESequenceNumber>1</NTESequenceNumber><ReportComment>COPYTO^WILD^1</ReportComment><Comment_1>TEST AUTODIAL CLIENT (HQ)</Comment_1></NTE></ORU_PATIENT><ORU_ORDER_OBSERVATION><ORC><OrderControl>RE</OrderControl><OrderStatus>0155848</OrderStatus><ChangeOrderDate_1>20160706135500</ChangeOrderDate_1><PhysicianUPIN>WELBY</PhysicianUPIN><ClientMnemonic>HQTEST</ClientMnemonic><AccessionNumber>RB999998A</AccessionNumber><ClientID>97502840</ClientID></ORC><OBR><SequenceNumber>1</SequenceNumber><PlacerOrderNumber>0155848</PlacerOrderNumber><AccessionNumber>RB999998A</AccessionNumber><UnitAndOrderCodes_1>7600SB=</UnitAndOrderCodes_1><UnitAndOrderCodes_2>2000007600</UnitAndOrderCodes_2><UnitAndOrderCodes_3>LIPID PANEL</UnitAndOrderCodes_3></OBR></ORU_ORDER_OBSERVATION><ORU_ORDER_OBSERVATION><OBR><SequenceNumber>2</SequenceNumber><PlacerOrderNumber/><AccessionNumber>RB999998A</AccessionNumber><UnitAndOrderCodes_1>7600SB=</UnitAndOrderCodes_1><UnitAndOrderCodes_2>2600000334</UnitAndOrderCodes_2><UnitAndOrderCodes_3>CHOLESTEROL, TOTAL</UnitAndOrderCodes_3></OBR><NTE><NTESequenceNumber>1</NTESequenceNumber><ReportComment>ST^PND^0</ReportComment><Comment_1>PENDING</Comment_1></NTE></ORU_ORDER_OBSERVATION><ORU_ORDER_OBSERVATION><OBR><SequenceNumber>3</SequenceNumber><PlacerOrderNumber/><AccessionNumber>RB999998A</AccessionNumber><UnitAndOrderCodes_1>7600SB=</UnitAndOrderCodes_1><UnitAndOrderCodes_2>5100000608</UnitAndOrderCodes_2><UnitAndOrderCodes_3>HDL CHOLESTEROL</UnitAndOrderCodes_3></OBR><NTE><NTESequenceNumber>1</NTESequenceNumber><ReportComment>ST^PND^0</ReportComment><Comment_1>PENDING</Comment_1></NTE></ORU_ORDER_OBSERVATION><ORU_ORDER_OBSERVATION><OBR><SequenceNumber>4</SequenceNumber><PlacerOrderNumber/><AccessionNumber>RB999998A</AccessionNumber><UnitAndOrderCodes_1>7600SB=</UnitAndOrderCodes_1><UnitAndOrderCodes_2>2600000896</UnitAndOrderCodes_2><UnitAndOrderCodes_3>TRIGLYCERIDES</UnitAndOrderCodes_3></OBR><NTE><NTESequenceNumber>1</NTESequenceNumber><ReportComment>ST^PND^0</ReportComment><Comment_1>PENDING</Comment_1></NTE></ORU_ORDER_OBSERVATION><ORU_ORDER_OBSERVATION><OBR><SequenceNumber>5</SequenceNumber><PlacerOrderNumber/><AccessionNumber>RB999998A</AccessionNumber><UnitAndOrderCodes_1>7600SB=</UnitAndOrderCodes_1><UnitAndOrderCodes_2>2600008841</UnitAndOrderCodes_2><UnitAndOrderCodes_3>LDL-CHOLESTEROL</UnitAndOrderCodes_3></OBR><NTE><NTESequenceNumber>1</NTESequenceNumber><ReportComment>ST^PND^0</ReportComment><Comment_1>PENDING</Comment_1></NTE></ORU_ORDER_OBSERVATION><ORU_ORDER_OBSERVATION><OBR><SequenceNumber>6</SequenceNumber><PlacerOrderNumber/><AccessionNumber>RB999998A</AccessionNumber><UnitAndOrderCodes_1>7600SB=</UnitAndOrderCodes_1><UnitAndOrderCodes_2>2600008842</UnitAndOrderCodes_2><UnitAndOrderCodes_3>CHOL/HDLC RATIO</UnitAndOrderCodes_3></OBR><NTE><NTESequenceNumber>1</NTESequenceNumber><ReportComment>ST^PND^0</ReportComment><Comment_1>PENDING</Comment_1></NTE></ORU_ORDER_OBSERVATION><ORU_ORDER_OBSERVATION><OBR><SequenceNumber>7</SequenceNumber><PlacerOrderNumber/><AccessionNumber>RB999998A</AccessionNumber><UnitAndOrderCodes_1>899SB=</UnitAndOrderCodes_1><UnitAndOrderCodes_2>5600000899</UnitAndOrderCodes_2><UnitAndOrderCodes_3>TSH</UnitAndOrderCodes_3></OBR><ORU_OBSERVATION><OBX><OBXSequenceNumber>1</OBXSequenceNumber><Control>NM</Control><ObservationID>55080400</ObservationID><ObservationName>TSH</ObservationName><ObservationValue>3.65</ObservationValue><ObservationUnits>mIU/L</ObservationUnits><ObservationRange/><AbnormalFlags></AbnormalFlags><NatureOfAbnoralFlags></NatureOfAbnoralFlags><ObservationResultStatus>F^N</ObservationResultStatus></OBX><NTE><NTESequenceNumber>1</NTESequenceNumber><ReportComment>MS^TWWTSH7^0^A^^</ReportComment><Comment_1>          Reference Range</Comment_1></NTE><NTE><NTESequenceNumber>2</NTESequenceNumber><ReportComment>MS^TWWTSH7^0^A^^</ReportComment><Comment_1></Comment_1></NTE><NTE><NTESequenceNumber>3</NTESequenceNumber><ReportComment>MS^TWWTSH7^0^A^^</ReportComment><Comment_1>          &gt; or = 20 Years  0.40-4.50</Comment_1></NTE><NTE><NTESequenceNumber>4</NTESequenceNumber><ReportComment>MS^TWWTSH7^0^A^^</ReportComment><Comment_1></Comment_1></NTE><NTE><NTESequenceNumber>5</NTESequenceNumber><ReportComment>MS^TWWTSH7^0^A^^</ReportComment><Comment_1>               Pregnancy Ranges</Comment_1></NTE><NTE><NTESequenceNumber>6</NTESequenceNumber><ReportComment>MS^TWWTSH7^0^A^^</ReportComment><Comment_1>          First trimester    0.26-2.66</Comment_1></NTE><NTE><NTESequenceNumber>7</NTESequenceNumber><ReportComment>MS^TWWTSH7^0^A^^</ReportComment><Comment_1>          Second trimester   0.55-2.73</Comment_1></NTE><NTE><NTESequenceNumber>8</NTESequenceNumber><ReportComment>MS^TWWTSH7^0^A^^</ReportComment><Comment_1>          Third trimester    0.43-2.91</Comment_1></NTE></ORU_OBSERVATION></ORU_ORDER_OBSERVATION><ORU_ORDER_OBSERVATION><OBR><SequenceNumber>8</SequenceNumber><PlacerOrderNumber/><AccessionNumber>RB999998A</AccessionNumber><UnitAndOrderCodes_1>6399SB=</UnitAndOrderCodes_1><UnitAndOrderCodes_2>3100006399</UnitAndOrderCodes_2><UnitAndOrderCodes_3>CBC (INCLUDES DIFF/PLT)</UnitAndOrderCodes_3></OBR><NTE><NTESequenceNumber>1</NTESequenceNumber><ReportComment>ST^PND^0</ReportComment><Comment_1>PENDING</Comment_1></NTE></ORU_ORDER_OBSERVATION><ORU_ORDER_OBSERVATION><OBR><SequenceNumber>9</SequenceNumber><PlacerOrderNumber/><AccessionNumber>RB999998A</AccessionNumber><UnitAndOrderCodes_1>402SB=</UnitAndOrderCodes_1><UnitAndOrderCodes_2>5600000402</UnitAndOrderCodes_2><UnitAndOrderCodes_3>DHEA SULFATE</UnitAndOrderCodes_3></OBR><NTE><NTESequenceNumber>1</NTESequenceNumber><ReportComment>ST^PND^0</ReportComment><Comment_1>PENDING</Comment_1></NTE></ORU_ORDER_OBSERVATION><ORU_ORDER_OBSERVATION><OBR><SequenceNumber>10</SequenceNumber><PlacerOrderNumber/><AccessionNumber>RB999998A</AccessionNumber><UnitAndOrderCodes_1>873SB=</UnitAndOrderCodes_1><UnitAndOrderCodes_2>5600000873</UnitAndOrderCodes_2><UnitAndOrderCodes_3>TESTOSTERONE, TOTAL,&amp;MALES (ADULT), IA</UnitAndOrderCodes_3></OBR><NTE><NTESequenceNumber>1</NTESequenceNumber><ReportComment>ST^PND^0</ReportComment><Comment_1>PENDING</Comment_1></NTE></ORU_ORDER_OBSERVATION><ORU_ORDER_OBSERVATION><OBR><SequenceNumber>11</SequenceNumber><PlacerOrderNumber/><AccessionNumber>RB999998A</AccessionNumber><UnitAndOrderCodes_1>10108X=</UnitAndOrderCodes_1><UnitAndOrderCodes_2>7500030264</UnitAndOrderCodes_2><UnitAndOrderCodes_3>SHIGA TOXINS, EIA W/RFL&amp;TO E.COLI O157 CULTURE</UnitAndOrderCodes_3></OBR><NTE><NTESequenceNumber>1</NTESequenceNumber><ReportComment>ST^PND^0</ReportComment><Comment_1>PENDING</Comment_1></NTE></ORU_ORDER_OBSERVATION><ORU_ORDER_OBSERVATION><OBR><SequenceNumber>12</SequenceNumber><PlacerOrderNumber/><AccessionNumber>RB999998A</AccessionNumber><UnitAndOrderCodes_1>10108X=</UnitAndOrderCodes_1><UnitAndOrderCodes_2>7500004475</UnitAndOrderCodes_2><UnitAndOrderCodes_3>CAMPYLOBACTER, CULTURE</UnitAndOrderCodes_3></OBR><NTE><NTESequenceNumber>1</NTESequenceNumber><ReportComment>ST^PND^0</ReportComment><Comment_1>PENDING</Comment_1></NTE></ORU_ORDER_OBSERVATION><ORU_ORDER_OBSERVATION><OBR><SequenceNumber>13</SequenceNumber><PlacerOrderNumber/><AccessionNumber>RB999998A</AccessionNumber><UnitAndOrderCodes_1>10108X=</UnitAndOrderCodes_1><UnitAndOrderCodes_2>7500010019</UnitAndOrderCodes_2><UnitAndOrderCodes_3>SALMONELLA AND SHIGELLA,&amp;CULTURE</UnitAndOrderCodes_3></OBR><NTE><NTESequenceNumber>1</NTESequenceNumber><ReportComment>ST^PND^0</ReportComment><Comment_1>PENDING</Comment_1></NTE></ORU_ORDER_OBSERVATION></ORU_PATIENT_RESULT></out2:ORU>